name,smiles,pubchem_cid,family
silybin A,COC1=C(C=CC(=C1)[C@@H]2[C@H](OC3=C(O2)C=C(C=C3)[C@@H]4[C@H](C(=O)C5=C(C=C(C=C5O4)O)O)O)CO)O,31553,flavonolignan
silybin B,COC1=C(C=CC(=C1)[C@H]2[C@@H](OC3=C(O2)C=C(C=C3)[C@@H]4[C@H](C(=O)C5=C(C=C(C=C5O4)O)O)O)CO)O,1548994,flavonolignan
isosilybin A,COC1=C(C=CC(=C1)[C@@H]2[C@H](OC3=C(O2)C=CC(=C3)[C@@H]4[C@H](C(=O)C5=C(C=C(C=C5O4)O)O)O)CO)O,11059920,flavonolignan
isosilybin B,COC1=C(C=CC(=C1)[C@H]2[C@@H](OC3=C(O2)C=CC(=C3)[C@@H]4[C@H](C(=O)C5=C(C=C(C=C5O4)O)O)O)CO)O,10885340,flavonolignan
silychristin,COC1=C(C=CC(=C1)[C@H]2[C@@H](C3=C(O2)C(=CC(=C3)[C@@H]4[C@H](C(=O)C5=C(C=C(C=C5O4)O)O)O)O)CO)O,441764,flavonolignan
isosilychristin,COC1=C(C=CC(=C1)[C@H]2[C@@H](C3=C(C=CC(=C3O2)O)[C@@H]4[C@H](C(=O)C5=C(C=C(C=C5O4)O)O)O)CO)O,21589839,flavonolignan
silydianin,COC1=C(C=CC(=C1)[C@@H]2[C@H]3CO[C@@]4([C@H]3C(=C[C@H]2C4=O)[C@@H]5[C@H](C(=O)C6=C(C=C(C=C6O5)O)O)O)O)O,11982272,flavonolignan
dehydrosilybin,COC1=C(C=CC(=C1)[C@@H]2[C@H](OC3=C(O2)C=C(C=C3)C4=C(C(=O)C5=C(C=C(C=C5O4)O)O)O)CO)O,10696082,flavonolignan
hydnocarpin,COC1=C(C=CC(=C1)[C@@H]2[C@H](OC3=C(O2)C=C(C=C3)C4=CC(=O)C5=C(C=C(C=C5O4)O)O)CO)O,11431204,flavonolignan
taxifolin,C1=CC(=C(C=C1[C@@H]2[C@H](C(=O)C3=C(C=C(C=C3O2)O)O)O)O)O,439533,flavonoid
quercetin,C1=CC(=C(C=C1C2=C(C(=O)C3=C(C=C(C=C3O2)O)O)O)O)O,5280343,flavonoid
luteolin,C1=CC(=C(C=C1C2=CC(=O)C3=C(C=C(C=C3O2)O)O)O)O,5280445,flavonoid
apigenin,C1=CC(=CC=C1C2=CC(=O)C3=C(C=C(C=C3O2)O)O)O,5280443,flavonoid
naringenin,C1[C@H](OC2=CC(=CC(=C2C1=O)O)O)C3=CC=C(C=C3)O,439246,flavonoid
eriodictyol,C1[C@H](OC2=CC(=CC(=C2C1=O)O)O)C3=CC(=C(C=C3)O)O,440735,flavonoid
coniferyl alcohol,COC1=C(C=CC(=C1)/C=C/CO)O,1549095,lignan precursor
