drug,chembl_id,inchikey,smiles
Abacavir,CHEMBL1380,MCGSCOLBFJQGHM-SCZZXKLOSA-N,Nc1nc(NC2CC2)c2ncn([C@H]3C=C[C@@H](CO)C3)c2n1
Amprenavir,CHEMBL116,YMARZQAQMVYCKC-OEMFJLHTSA-N,CC(C)CN(C[C@@H](O)[C@H](Cc1ccccc1)NC(=O)O[C@H]1CCOC1)S(=O)(=O)c1ccc(N)cc1
Atazanavir,CHEMBL1163,AXRYRYVKAWYZBR-GASGPIRDSA-N,COC(=O)N[C@H](C(=O)N[C@@H](Cc1ccccc1)[C@@H](O)CN(Cc1ccc(-c2ccccn2)cc1)NC(=O)[C@@H](NC(=O)OC)C(C)(C)C)C(C)(C)C
Bictegravir,CHEMBL3989866,SOLUWJRYJLAZCX-LYOVBCGYSA-N,O=C(NCc1c(F)cc(F)cc1F)c1cn2c(c(O)c1=O)C(=O)N1[C@H]3CC[C@H](C3)O[C@@H]1C2
Cabotegravir,CHEMBL2403238,WCWSTNLSLKSJPK-LKFCYVNXSA-N,C[C@H]1CO[C@@H]2Cn3cc(C(=O)NCc4ccc(F)cc4F)c(=O)c(O)c3C(=O)N12
Darunavir,CHEMBL1323,CJBJHOAVZSMMDJ-HEXNFIEUSA-N,CC(C)CN(C[C@@H](O)[C@H](Cc1ccccc1)NC(=O)O[C@H]1CO[C@H]2OCC[C@H]21)S(=O)(=O)c1ccc(N)cc1
Delavirdine,CHEMBL593,WHBIGIKBNXZKFE-UHFFFAOYSA-N,CC(C)Nc1cccnc1N1CCN(C(=O)c2cc3cc(NS(C)(=O)=O)ccc3[nH]2)CC1
Didanosine,CHEMBL1460,BXZVVICBKDXVGW-NKWVEPMBSA-N,O=c1[nH]cnc2c1ncn2[C@H]1CC[C@@H](CO)O1
Dolutegravir,CHEMBL1229211,RHWKPHLQXYSBKR-BMIGLBTASA-N,C[C@@H]1CCO[C@H]2Cn3cc(C(=O)NCc4ccc(F)cc4F)c(=O)c(O)c3C(=O)N12
Doravirine,CHEMBL2364608,ZIAOVIPSKUPPQW-UHFFFAOYSA-N,Cn1c(Cn2ccc(C(F)(F)F)c(Oc3cc(Cl)cc(C#N)c3)c2=O)n[nH]c1=O
Efavirenz,CHEMBL223228,XPOQHMRABVBWPR-ZDUSSCGKSA-N,O=C1Nc2ccc(Cl)cc2[C@@](C#CC2CC2)(C(F)(F)F)O1
Elvitegravir,CHEMBL204656,JUZYLCPPVHEVSV-LJQANCHMSA-N,COc1cc2c(cc1Cc1cccc(Cl)c1F)c(=O)c(C(=O)O)cn2[C@H](CO)C(C)C
Emtricitabine,CHEMBL885,XQSPYNMVSIKCOC-NTSWFWBYSA-N,Nc1nc(=O)n([C@@H]2CS[C@H](CO)O2)cc1F
Etravirine,CHEMBL308954,PYGWGZALEOIKDF-UHFFFAOYSA-N,Cc1cc(C#N)cc(C)c1Oc1nc(Nc2ccc(C#N)cc2)nc(N)c1Br
Lamivudine,CHEMBL141,JTEGQNOMFQHVDC-NKWVEPMBSA-N,Nc1ccn([C@@H]2CS[C@H](CO)O2)c(=O)n1
Lopinavir,CHEMBL729,KJHKTHWMRKYKJE-SUGCFTRWSA-N,Cc1cccc(C)c1OCC(=O)N[C@@H](Cc1ccccc1)[C@@H](O)C[C@H](Cc1ccccc1)NC(=O)[C@H](C(C)C)N1CCCNC1=O
Maraviroc,CHEMBL256907,GSNHKUDZZFZSJB-QUMGSSFMSA-N,Cc1nnc(C(C)C)n1[C@H]1C[C@H]2CC[C@@H](C1)N2CC[C@H](NC(=O)C1CCC(F)(F)CC1)c1ccccc1
Nelfinavir,CHEMBL584,QAGYKUNXZHXKMR-HKWSIXNMSA-N,Cc1c(O)cccc1C(=O)N[C@@H](CSc1ccccc1)[C@H](O)CN1C[C@H]2CCCC[C@H]2C[C@H]1C(=O)NC(C)(C)C
Nevirapine,CHEMBL57,NQDJXKOVJZTUJA-UHFFFAOYSA-N,Cc1ccnc2c1NC(=O)c1cccnc1N2C1CC1
Raltegravir,CHEMBL254316,CZFFBEXEKNGXKS-UHFFFAOYSA-N,Cc1nnc(C(=O)NC(C)(C)c2nc(C(=O)NCc3ccc(F)cc3)c(O)c(=O)n2C)o1
Rilpivirine,CHEMBL175691,YIBOMRUWOWDFLG-ONEGZZNKSA-N,Cc1cc(/C=C/C#N)cc(C)c1Nc1ccnc(Nc2ccc(C#N)cc2)n1
Ritonavir,CHEMBL163,NCDNCNXCDXHOMX-XGKFQTDJSA-N,CC(C)c1nc(CN(C)C(=O)N[C@H](C(=O)N[C@@H](Cc2ccccc2)C[C@H](O)[C@H](Cc2ccccc2)NC(=O)OCc2cncs2)C(C)C)cs1
Saquinavir,CHEMBL114,QWAXKHKRTORLEM-UGJKXSETSA-N,CC(C)(C)NC(=O)[C@@H]1C[C@@H]2CCCC[C@@H]2CN1C[C@@H](O)[C@H](Cc1ccccc1)NC(=O)[C@H](CC(N)=O)NC(=O)c1ccc2ccccc2n1
Stavudine,CHEMBL991,XNKLLVCARDGLGL-JGVFFNPUSA-N,Cc1cn([C@H]2C=C[C@@H](CO)O2)c(=O)[nH]c1=O
Tipranavir,CHEMBL222559,SUJUHGSWHZTSEU-FYBSXPHGSA-N,CCC[C@@]1(CCc2ccccc2)CC(O)=C([C@H](CC)c2cccc(NS(=O)(=O)c3ccc(C(F)(F)F)cn3)c2)C(=O)O1
Zidovudine,CHEMBL129,HBOMLICNUCNMMY-XLPZGREQSA-N,Cc1cn([C@H]2C[C@H](N=[N+]=[N-])[C@@H](CO)O2)c(=O)[nH]c1=O
